season,cnt
Spring,111.11456859971712
Winter,198.86885633270322
Summer,208.34406894987526
Fall,236.01623665480426
